id,title,description,agent,scope,deps,execution_group,context_from,wave,task_json_path,hints,execution_directives,acceptance_criteria,prev_context,status,findings,files_modified,tests_passed,acceptance_met,summary_path,error
"IMPL-1","Baseline audit and merge guard","Baseline audit and merge guard","code_developer",".workflow/active/WFS-dashboard-daftar-upah-v3/planning-notes.md","","","","1",".task/IMPL-1.json","","","See task JSON convergence criteria","","completed","Dirty worktree audited. Existing dashboard/table edits preserved; unrelated staged/backend work left untouched.",".workflow/active/WFS-dashboard-daftar-upah-v3/planning-notes.md","true","Acceptance criteria met for implemented scope.",".summaries/IMPL-1-summary.md",""
"IMPL-2","Dashboard shell polish and IA completion","Dashboard shell polish and IA completion","code_developer","frontend/src/pages/ProfessionalDashboard.jsx","IMPL-1","","IMPL-1","2",".task/IMPL-2.json","","","See task JSON convergence criteria","","completed","Dashboard shell completed with 64px top header, global search, profile/notification controls, sticky filter, KPI, analytics, modules, reports, and status.","frontend/src/pages/ProfessionalDashboard.jsx","true","Acceptance criteria met for implemented scope.",".summaries/IMPL-2-summary.md",""
"IMPL-3","Role-aware dashboard registry and sidebar alignment","Role-aware dashboard registry and sidebar alignment","code_developer","frontend/src/pages/ProfessionalDashboard.jsx;frontend/src/layouts/DashboardLayout.jsx","IMPL-2","","IMPL-2","3",".task/IMPL-3.json","","","See task JSON convergence criteria","","completed","Role rules tightened for Payroll Admin, Estate Manager, Finance, and Executive. Sidebar now defaults collapsed and filters items by role.","frontend/src/pages/ProfessionalDashboard.jsx;frontend/src/layouts/DashboardLayout.jsx","true","Acceptance criteria met for implemented scope.",".summaries/IMPL-3-summary.md",""
"IMPL-4","KPI and analytics data wiring","KPI and analytics data wiring","code_developer","frontend/src/pages/ProfessionalDashboard.jsx","IMPL-2","","IMPL-2","4",".task/IMPL-4.json","","","See task JSON convergence criteria","","completed","KPI and analytics cards keep existing summary API wiring and stable fallback cards; chart cards are horizontal-scroll safe.","frontend/src/pages/ProfessionalDashboard.jsx","true","Acceptance criteria met for implemented scope.",".summaries/IMPL-4-summary.md",""
"IMPL-5","Dashboard responsive and visual QA pass","Dashboard responsive and visual QA pass","code_developer","frontend/src/pages/ProfessionalDashboard.jsx","IMPL-2;IMPL-3;IMPL-4","","IMPL-2;IMPL-3;IMPL-4","5",".task/IMPL-5.json","","","See task JSON convergence criteria","","completed","Dashboard grids changed to safer auto-fit/minmax patterns; cards use 12-16px radii and text-safe responsive constraints.","frontend/src/pages/ProfessionalDashboard.jsx","true","Acceptance criteria met for implemented scope.",".summaries/IMPL-5-summary.md",""
"IMPL-6","Table visual calm-down","Table visual calm-down","code_developer","frontend/src/styles/CustomPayrollTable.css","IMPL-1","","IMPL-1","2",".task/IMPL-6.json","","","See task JSON convergence criteria","","completed","Scroll-driven active group/focus styles no longer change body cell font weight, text color, or frozen column typography.","frontend/src/styles/CustomPayrollTable.css","true","Acceptance criteria met for implemented scope.",".summaries/IMPL-6-summary.md",""
"IMPL-7","Table layout stability","Table layout stability","code_developer","frontend/src/components/CustomPayrollTable.jsx;frontend/src/styles/CustomPayrollTable.css","IMPL-6","","IMPL-6","3",".task/IMPL-7.json","","","See task JSON convergence criteria","","completed","ResizeObserver feedback loop reduced by observing container only; table shell now uses parent height and stable min-height.","frontend/src/components/CustomPayrollTable.jsx;frontend/src/styles/CustomPayrollTable.css","true","Acceptance criteria met for implemented scope.",".summaries/IMPL-7-summary.md",""
"IMPL-8","Table scroll controls and animations cleanup","Table scroll controls and animations cleanup","code_developer","frontend/src/styles/CustomPayrollTable.css","IMPL-7","","IMPL-7","4",".task/IMPL-8.json","","","See task JSON convergence criteria","","completed","Row/gang entrance animations disabled for normal table rendering; reduced-motion guard added.","frontend/src/styles/CustomPayrollTable.css","true","Acceptance criteria met for implemented scope.",".summaries/IMPL-8-summary.md",""
"IMPL-9","Focused tests for dashboard and table stability","Focused tests for dashboard and table stability","tdd_developer","frontend/src/pages/ProfessionalDashboard.test.jsx;frontend/src/layouts/DashboardLayout.test.jsx;frontend/src/components/CustomPayrollTable.visual-stability.test.js","IMPL-3;IMPL-6;IMPL-7","","IMPL-3;IMPL-6;IMPL-7","6",".task/IMPL-9.json","","","See task JSON convergence criteria","","completed","Added guards for role visibility, collapsed sidebar, dashboard header, table ResizeObserver, active-group styling, and animation calm-down.","frontend/src/pages/ProfessionalDashboard.test.jsx;frontend/src/layouts/DashboardLayout.test.jsx;frontend/src/components/CustomPayrollTable.visual-stability.test.js","true","Acceptance criteria met for implemented scope.",".summaries/IMPL-9-summary.md",""
"IMPL-10","Build and browser verification","Build and browser verification","validation_archivist","","IMPL-5;IMPL-8;IMPL-9","","IMPL-5;IMPL-8;IMPL-9","7",".task/IMPL-10.json","","","See task JSON convergence criteria","","completed","Focused tests passed, production build passed, HTTP smoke returned 200, dev server running at http://127.0.0.1:5176/. In-app browser unavailable.","","true","Tests/build/http smoke passed; in-app browser unavailable, manual URL provided.",".summaries/IMPL-10-summary.md",""
