NO;NO.INDUK KARYAWAN;AMOUNT
;A0001;900.000
;A0004;100.000
;A0005;100.000
;A0006;100.000
;A0007;100.000
;A0008;100.000
;A0010;600.000
;A0011;100.000
;A0012;100.000
;A0014;250.000
;A0015;100.000
;A0016;100.000
;A0018;100.000
;A0027;600.000
;A0033;100.000
;A0034;100.000
;A0098;100.000
;A0247;100.000
;A0462;600.000
;A0574;100.000
;A0868;100.000
;A0873;100.000
;A0874;100.000
;A0875;250.000
;A0880;100.000
;A0881;100.000
;A0882;600.000
;A0886;100.000
;A0887;100.000
;A0890;100.000
;A0891;100.000
;A0893;250.000
;A0896;600.000
;A0898;100.000
;A0899;250.000
;A0900;100.000
;A0904;100.000
;A0905;100.000
;A0906;100.000
;A0907;250.000
;A0908;250.000
;A0909;100.000
;A0910;100.000
;A0911;100.000
;A0912;100.000
;A0913;100.000
;A0914;250.000
;A0916;250.000
;A0917;100.000
;A0918;600.000
;A0919;600.000
;A0922;100.000
;A0923;100.000
;A0924;100.000
;A0936;100.000
;A0938;250.000
;A0949;600.000
;A0953;250.000
;A0954;250.000
;A0958;33.333
;A0959;33.333
;A0967;250.000
;A0521;100.000
;A0522;600.000
;A0071;100.000
;A0072;900.000
;A0076;100.000
;A0078;100.000
;A0079;100.000
;A0080;100.000
;A0081;100.000
;A0086;250.000
;A0088;100.000
;A0089;100.000
;A0091;250.000
;A0092;600.000
;A0093;100.000
;A0094;100.000
;A0095;100.000
;A0096;100.000
;A0104;250.000
;A0105;100.000
;A0106;100.000
;A0107;100.000
;A0108;100.000
;A0109;100.000
;A0112;250.000
;A0716;100.000
;A0110;100.000
;A0114;250.000
;A0115;600.000
;A0116;250.000
;A0117;250.000
;A0118;250.000
;A0119;600.000
;A0123;600.000
;A0124;250.000
;A0474;250.000
;A0500;250.000
;A0660;250.000
;A0707;250.000
;A0813;250.000
;A0832;250.000
;A0838;600.000
;A0839;250.000
;A0840;250.000
;A0848;250.000
;A0926;208.333
;A0927;208.333
;A0928;208.333
;A0929;500.000
;A0943;125.000
;A0945;125.000
;A0946;125.000
;A0947;125.000
;A0956;150.000
;A0957;150.000
;A0129;600.000
;A0083;600.000
;A0151;600.000
;A0152;100.000
;A0255;250.000
;A0149;100.000
;A0638;100.000
;A0026;100.000
;A0153;600.000
;A0158;100.000
;A0160;100.000
;A0161;100.000
;A0163;600.000
;A0164;100.000
;A0165;100.000
;A0167;100.000
;A0170;600.000
;A0172;100.000
;A0173;600.000
;A0175;100.000
;A0176;100.000
;A0177;100.000
;A0178;100.000
;A0180;600.000
;A0183;600.000
;A0184;600.000
;A0185;100.000
;A0188;100.000
;A0533;100.000
;A0187;250.000
;A0815;100.000
;A0154;600.000
;A0039;900.000
;A0191;600.000
;A0192;600.000
;A0194;250.000
;A0196;100.000
;A0199;100.000
;A0201;250.000
;A0203;250.000
;A0395;100.000
;A0631;250.000
;A0694;100.000
;A0712;250.000
;A0784;900.000
;A0798;250.000
;A0802;600.000
;A0812;250.000
;A0820;900.000
;A0822;600.000
;A0827;250.000
;A0835;250.000
;A0851;250.000
;A0852;900.000
;A0856;600.000
;A0876;100.000
;A0884;900.000
;A0920;600.000
;A0921;250.000
;A0217;250.000
;A0218;600.000
;A0220;600.000
;A0374;250.000
;B0162;100.000
;B0170;100.000
;B0172;100.000
;B0175;100.000
;B0182;100.000
;B0183;100.000
;B0195;250.000
;A0974;100.000
;B0097;100.000
;B0102;100.000
;B0040;100.000
;B0072;100.000
;B0073;100.000
;B0075;100.000
;B0623;100.000
;B0627;100.000
;B0630;100.000
;B0632;100.000
;B0634;100.000
;B0652;100.000
;B0650;100.000
;B0645;100.000
;B0646;100.000
;A0975;100.000
;B0659;250.000
;B0109;250.000
;B0168;600.000
;B0125;600.000
;B0087;250.000
;B0090;100.000
;B0094;100.000
;B0095;100.000
;B0103;100.000
;B0117;600.000
;B0537;100.000
;B0539;250.000
;B0540;100.000
;B0542;100.000
;B0546;250.000
;B0549;100.000
;B0550;250.000
;B0580;250.000
;B0585;250.000
;B0171;100.000
;B0174;100.000
;B0176;100.000
;B0194;100.000
;B0598;250.000
;B0608;250.000
;B0614;100.000
;B0615;100.000
;A0978;100.000
;B0566;100.000
;B0625;100.000
;B0667;600.000
;A0977;100.000
;A0976;100.000
;B0520;100.000
;B0628;250.000
;B0025;600.000
;B0038;250.000
;B0062;100.000
;B0063;100.000
;B0001;100.000
;B0039;100.000
;B0041;100.000
;B0043;100.000
;B0044;100.000
;B0046;100.000
;B0051;100.000
;B0054;100.000
;B0056;100.000
;B0080;250.000
;B0560;100.000
;B0563;600.000
;B0626;100.000
;B0643;100.000
;B0647;100.000
;B0648;250.000
;B0651;250.000
;B0654;250.000
;B0047;100.000
;B0071;100.000
;B0191;250.000
;B0193;100.000
;B0642;100.000
;B0649;100.000
;B0661;100.000
;B0662;100.000
;B0663;100.000
;B0664;100.000
;B0668;250.000
;B0674;250.000
;B0088;900.000
;B0120;600.000
;B0538;100.000
;B0541;100.000
;B0547;250.000
;B0582;100.000
;B0583;100.000
;B0178;100.000
;B0180;100.000
;B0181;100.000
;B0185;100.000
;B0190;100.000
;B0604;100.000
;B0607;250.000
;B0616;600.000
;B0621;600.000
;B0058;600.000
;B0533;100.000
;B0535;100.000
;B0066;250.000
;B0077;600.000
;B0098;100.000
;B0534;100.000
;B0169;100.000
;B0173;100.000
;B0184;100.000
;B0693;100.000
;B0694;250.000
;B0695;250.000
;B0696;250.000
;B0716;600.000
;B0202;250.000
;B0733;600.000
;B0706;200.000
;B0707;200.000
;B0708;200.000
;B0709;200.000
;B0710;200.000
;B0653;100.000
;C0143;250.000
;C0144;100.000
;C0145;100.000
;C0146;100.000
;C0147;100.000
;C0151;100.000
;C0152;100.000
;C0153;100.000
;C0155;100.000
;C0156;100.000
;C0157;100.000
;C0161;100.000
;C0162;600.000
;C0165;250.000
;C0170;600.000
;C0173;100.000
;C0174;600.000
;C0201;600.000
;C0204;250.000
;C0210;600.000
;C0237;250.000
;C0078;600.000
;C0120;250.000
;C0111;100.000
;C0111;250.000
;C0741;250.000
;C0186;900.000
;C0045;600.000
;C0192;250.000
;C0193;250.000
;C0669;900.000
;C0670;900.000
;C0194;250.000
;C0734;250.000
;C0199;250.000
;C0303;250.000
;C0304;100.000
;C0311;600.000
;C0313;600.000
;C0315;600.000
;C0610;100.000
;C0126;250.000
;C0663;250.000
;C0705;100.000
;C0709;250.000
;C0712;250.000
;C0719;250.000
;C0697;500.000
;C0702;187.500
;C0717;450.000
;C0053;600.000
;C0055;600.000
;C0071;600.000
;C0309;600.000
;C0587;600.000
;C0735;250.000
;C0737;100.000
;C0733;62.500
;C0739;41.667
;C 0653;250.000
;C 0105;600.000
;C 0557;250.000
;C 0127;600.000
;C 0125;250.000
;C 0115;100.000
;C 0352;250.000
;C 0353;250.000
;C 0114;100.000
;C 0122;100.000
;C 0121;250.000
;C 0349;250.000
;C 0130;250.000
;C 0649;250.000
;C 0650;100.000
;C 0633;100.000
;C 0636;600.000
;C 0707;600.000
;C 0693;600.000
;C 0701;208.333
;C 0722;350.000
;C 0724;145.833
;C 0726;145.833
;C 0431;600.000
;C 0079;600.000
;C 0081;250.000
;C 0082;100.000
;C 0083;100.000
;C 0084;100.000
;C 0085;100.000
;C 0086;100.000
;C 0091;100.000
;C 0092;100.000
;C 0093;600.000
;C 0096;600.000
;C 0098;100.000
;C 0099;600.000
;C 0100;250.000
;C 0101;250.000
;C 0448;100.000
;C 0449;100.000
;C 0453;100.000
;C 0454;100.000
;C 0132;250.000
;C 0452;600.000
;C 0182;900.000
;C 0187;900.000
;C 0188;900.000
;C 0743;900.000
;C 0181;900.000
;C 0699;900.000
;C0001;900.000
;C0002;600.000
;C0003;600.000
;C0005;250.000
;C0007;600.000
;C0008;600.000
;C0009;250.000
;C0010;250.000
;C0011;600.000
;C0013;250.000
;C0016;100.000
;C0019;600.000
;C0025;600.000
;C0026;600.000
;C0028;600.000
;C0030;600.000
;C0033;900.000
;C0102;600.000
;C0727;100.000
;C0710;600.000
;C0075;600.000
;C0716;250.000
;C0715;100.000
;C0616;100.000
;C0206;250.000
;C0729;150.000
;C0730;150.000
;C0731;150.000
;C0742;250.000
;C0178;900.000
;C0179;900.000
;C0510;900.000
;C0511;900.000
;C0526;600.000
;C0032;600.000
;C0050;600.000
;C0051;600.000
;C0054;600.000
;C0374;600.000
;C0496;600.000
;C0603;600.000
;C0680;600.000
;C0718;450.000
;C0319;250.000
;C0713;250.000
;C0738;100.000
;D0006;250.000
;D0041;900.000
;D0001;900.000
;D0364;900.000
;D0013;600.000
;D0014;900.000
;D0015;100.000
;D0017;100.000
;D0018;250.000
;D0019;600.000
;D0020;100.000
;D0023;600.000
;D0024;100.000
;D0026;100.000
;D0027;100.000
;D0028;100.000
;D0029;600.000
;D0030;100.000
;D0031;100.000
;D0037;100.000
;D0038;600.000
;D0291;600.000
;D0040;100.000
;D0061;250.000
;D0363;250.000
;D0049;250.000
;D0009;100.000
;D0304;100.000
;D0352;250.000
;D0083;100.000
;D0053;600.000
;D0055;900.000
;D0149;600.000
;D0145;900.000
;D0044;100.000
;D0057;250.000
;D0043;250.000
;D0330;600.000
;D0050;600.000
;D0054;600.000
;D0060;600.000
;D0051;250.000
;D0148;250.000
;D0211;600.000
;D0266;250.000
;D0328;600.000
;D0324;900.000
;D0350;250.000
;D0355;250.000
;D0366;900.000
;D0361;600.000
;D0093;600.000
;D0143;250.000
;D0144;250.000
;D0147;250.000
;D0146;250.000
;D0323;250.000
;D0004;600.000
;D0008;600.000
;D0260;600.000
;D0337;250.000
;D0135;600.000
;D0007;600.000
;D0070;600.000
;D0071;100.000
;D0075;100.000
;D0076;100.000
;D0078;600.000
;D0081;600.000
;D0082;250.000
;D0084;250.000
;D0085;100.000
;D0086;250.000
;D0087;250.000
;D0088;600.000
;D0089;600.000
;D0090;100.000
;D0091;600.000
;D0096;600.000
;D0099;250.000
;D0100;250.000
;D0101;600.000
;D0103;600.000
;D0104;600.000
;D0105;250.000
;D0111;900.000
;D0032;600.000
;D0071;600.000
;D0113;600.000
;D0114;600.000
;D0116;600.000
;D0117;250.000
;D0118;900.000
;D0119;600.000
;D0120;600.000
;D0121;600.000
;D0123;600.000
;D0124;600.000
;D0125;600.000
;D0126;250.000
;D0127;600.000
;D0131;250.000
;D0133;600.000
;D0170;900.000
;D0205;250.000
;D0108;600.000
;D0239;250.000
;D0240;900.000
;D0252;600.000
;D0296;250.000
;D0327;600.000
;D0353;900.000
;D0354;250.000
;D0357;100.000
;D0358;100.000
;D0365;900.000
;D0368;250.000
;D0370;600.000
;D0378;100.000
;E0516;250.000
;E0276;250.000
;E0524;250.000
;E0465;100.000
;E0026;600.000
;E0606;41.667
;E0408;250.000
;E0464;100.000
;E0533;250.000
;E0010;250.000
;E0016;100.000
;E0532;600.000
;E0538;250.000
;E0581;25.000
;E0077;250.000
;E0405;100.000
;E0412;100.000
;E0409;100.000
;E0414;100.000
;E0003;250.000
;E0020;600.000
;E0011;250.000
;E0024;100.000
;E0407;250.000
;E0418;600.000
;E0446;600.000
;E0401;600.000
;E0552;250.000
;E0105;250.000
;E0287;600.000
;E0095;250.000
;E0089;600.000
;E0478;250.000
;E0102;250.000
;E0507;100.000
;E0153;100.000
;E0085;250.000
;E0086;100.000
;E0097;600.000
;E0476;250.000
;E0575;525.000
;E0469;250.000
;E0520;600.000
;E0550;250.000
;E0100;600.000
;E0280;250.000
;E0487;100.000
;E0604;41.667
;E0088;900.000
;E0605;41.667
;E0108;250.000
;E0557;229.167
;E0001;600.000
;E0551;900.000
;E0534;250.000
;E0431;100.000
;E0518;100.000
;E0580;145.833
;E0226;100.000
;E0177;250.000
;E0589;300.000
;E0432;100.000
;E0437;100.000
;E0536;250.000
;E0570;187.500
;E0164;900.000
;E0600;200.000
;E0458;250.000
;E0393;250.000
;E0613;50.000
;E0172;250.000
;E0181;250.000
;E0424;100.000
;E0593;104.167
;E0426;600.000
;E0598;83.333
;E0610;50.000
;E0168;250.000
;E0573;166.667
;E0578;145.833
;E0166;250.000
;E0117;250.000
;E0040;900.000
;E0044;250.000
;E0055;250.000
;E0056;250.000
;E0204;250.000
;E0216;250.000
;E0012;600.000
;E0043;250.000
;E0045;250.000
;E0066;600.000
;E0068;250.000
;E0069;250.000
;E0073;250.000
;E0194;600.000
;E0111;250.000
;E0067;250.000
;E0007;600.000
;E0214;250.000
;E0281;250.000
;E0046;600.000
;E0053;250.000
;E0049;250.000
;E0004;250.000
;E0112;600.000
;E0074;600.000
;E0005;250.000
;E0021;250.000
;E0234;250.000
;E0019;250.000
;E0125;600.000
;E0205;600.000
;E0200;600.000
;E0201;600.000
;E0050;250.000
;E0051;250.000
;E0052;600.000
;E0123;600.000
;E0124;250.000
;E0127;600.000
;E0130;600.000
;E0132;250.000
;E0133;250.000
;E0134;600.000
;E0080;600.000
;E0137;600.000
;E0148;250.000
;E0110;250.000
;E0096;600.000
;E0091;600.000
;E0098;600.000
;E0094;250.000
;E0006;100.000
;E0195;900.000
;E0196;900.000
;E0199;600.000
;E0203;250.000
;E0208;250.000
;E0210;250.000
;E0211;250.000
;E0212;600.000
;E0213;250.000
;E0120;600.000
;E0122;600.000
;E0129;250.000
;E0041;250.000
;E0042;250.000
;E0059;600.000
;E0116;600.000
;E0118;600.000
;E0209;600.000
;E0207;250.000
;E0217;600.000
;E0227;250.000
;E0229;250.000
;E0076;600.000
;E0167;600.000
;E0079;600.000
;E0268;600.000
;E0218;600.000
;E0316;250.000
;E0170;250.000
;E0171;250.000
;E0064;100.000
;E0176;600.000
;E0023;600.000
;E0075;250.000
;E0070;600.000
;E0022;600.000
;E0415;250.000
;E0036;600.000
;E0107;600.000
;E0150;600.000
;E0513;600.000
;E0488;600.000
;E0138;600.000
;E0183;600.000
;E0231;250.000
;E0193;600.000
;E0221;600.000
;E0493;600.000
;E0603;100.000
;F0001;600.000
;F0010;250.000
;F0011;250.000
;F0016;250.000
;F0017;250.000
;F0019;250.000
;F0020;250.000
;F0025;250.000
;F0007;250.000
;F0047;250.000
;F0028;100.000
;F0031;100.000
;F0033;100.000
;F0034;100.000
;F0035;100.000
;F0037;100.000
;F0038;100.000
;F0039;250.000
;F0040;100.000
;F0044;100.000
;F0045;100.000
;F0255;250.000
;F0060;100.000
;F0251;250.000
;F0003;250.000
;F0491;250.000
;F0111;250.000
;F0109;250.000
;F0353;250.000
;F0124;250.000
;F0220;600.000
;F0113;100.000
;F0115;250.000
;F0317;250.000
;F0275;250.000
;F0299;250.000
;F0112;250.000
;F0129;250.000
;F0132;250.000
;F0436;250.000
;F0110;250.000
;F0116;250.000
;F0119;250.000
;F0486;250.000
;F0494;229.167
;F0495;229.167
;F0496;229.167
;F0497;208.333
;F0503;187.500
;F0506;66.667
;F0508;50.000
;F0509;50.000
;F0515;25.000
;F0057;250.000
;F0473;250.000
;F0093;600.000
;F0059;250.000
;F0005;250.000
;F0008;250.000
;F0013;250.000
;F0062;100.000
;F0061;600.000
;F0069;100.000
;F0070;600.000
;F0071;100.000
;F0075;600.000
;F0073;100.000
;F0076;100.000
;F0078;600.000
;F0079;100.000
;F0081;100.000
;F0082;100.000
;F0083;100.000
;F0084;100.000
;F0086;100.000
;F0087;100.000
;F0209;100.000
;F0304;100.000
;F0063;100.000
;F0064;100.000
;F0065;600.000
;F0066;100.000
;F0067;100.000
;F0094;250.000
;F0095;250.000
;F0137;100.000
;F0096;600.000
;F0270;600.000
;F0140;100.000
;F0105;250.000
;F0382;100.000
;F0210;100.000
;F0440;100.000
;F0361;250.000
;F0136;250.000
;F0470;600.000
;F0488;600.000
;F0290;250.000
;F0329;600.000
;F0202;250.000
;F0155;250.000
;F0327;250.000
;F0395;250.000
;F0410;250.000
;F0427;250.000
;F0426;100.000
;F0429;100.000
;F0422;100.000
;F0434;600.000
;F0453;250.000
;F0460;600.000
;F0466;600.000
;F0467;250.000
;F0226;250.000
;F0478;250.000
;F0493;250.000
;F0492;600.000
;F0499;208.333
;F0513;200.000
;F0512;200.000
;F0517;25.000
;F0519;25.000
;F0103;600.000
;F0306;250.000
;F0104;600.000
;F0362;600.000
;F0054;600.000
;F0056;250.000
;F0102;600.000
; H0001 ;100.000
; H0002 ;250.000
; H0003 ;600.000
; H0006 ;100.000
; H0009 ;600.000
; H0012 ;100.000
; H0013 ;600.000
; H0015 ;100.000
; H0016 ;250.000
; H0022 ;250.000
; H0023 ;100.000
; H0037 ;100.000
; H0004 ;100.000
; H0021 ;100.000
; H0031 ;250.000
; H0052 ;600.000
; H0053 ;600.000
; H0406 ;600.000
; H0076 ;600.000
; H0045 ;600.000
; H0124 ;600.000
; H0421 ;100.000
; H0337 ;600.000
; H0047 ;250.000
; H0030 ;600.000
; H0495 ;600.000
; H0068 ;900.000
; H0059 ;900.000
; H0051 ;600.000
; H0072 ;250.000
; H0048 ;250.000
; H0217 ;100.000
; H0075 ;600.000
; H0057 ;600.000
; H0058 ;250.000
; H0339 ;250.000
; H0362 ;900.000
; H0144 ;250.000
; H0396 ;100.000
; H0405 ;250.000
; H0411 ;100.000
; H0427 ;100.000
; H0416 ;600.000
; H0417 ;600.000
; H0071 ;600.000
; H0450 ;250.000
; H0475 ;250.000
; H0482 ;250.000
; H0487 ;600.000
; H0493 ;100.000
; H0506 ;187.500
; H0527 ;125.000
; H0033 ;100.000
; H0093 ;100.000
; H0484 ;900.000
; H0277 ;600.000
; H0183 ;100.000
; H0126 ;100.000
; H0080 ;100.000
; H0088 ;100.000
; H0091 ;100.000
; H0092 ;100.000
; H0095 ;100.000
; H0096 ;100.000
; H0100 ;100.000
; H0101 ;100.000
; H0103 ;600.000
; H0105 ;100.000
; H0108 ;100.000
; H0109 ;100.000
; H0019 ;100.000
; H0018 ;250.000
; H0017 ;100.000
; H0042 ;100.000
; H0130 ;250.000
; H0020 ;100.000
; H0461 ;100.000
; H0462 ;100.000
; H0463 ;100.000
; H0128 ;100.000
; H0121 ;100.000
; H0219 ;250.000
; H0220 ;250.000
; H0064 ;600.000
; H0252 ;600.000
; H0117 ;100.000
; H0317 ;250.000
; H0489 ;250.000
; H0490 ;250.000
; H0330 ;250.000
; H0110 ;250.000
; H0159 ;250.000
; H0123 ;600.000
; H0202 ;600.000
; H0200 ;900.000
; H0433 ;250.000
; H0446 ;900.000
; H0472 ;900.000
; H0474 ;250.000
; H0476 ;900.000
; H0533 ;250.000
; H0534 ;250.000
; H0535 ;250.000
; H0521 ;50.000
; H0529 ;104.167
; H0543 ;41.667
; H0550 ;41.667
; H0548 ;41.667
; H0549 ;41.667
; H0167 ;600.000
; H0158 ;100.000
; H0166 ;600.000
; H0237 ;250.000
; H0389 ;600.000
;G0050;250.000
;G0033;600.000
;G0034;100.000
;G0035;100.000
;G0036;100.000
;G0037;100.000
;G0040;100.000
;G0042;100.000
;G0044;100.000
;G0046;100.000
;G0048;100.000
;G0049;100.000
;G0053;100.000
;G0054;100.000
;G0055;100.000
;G0060;250.000
;G0159;600.000
;G0123;100.000
;G0254;100.000
;G0158;100.000
;G0128;600.000
;G0262;600.000
;G0580;100.000
;G0039;100.000
;G0611;600.000
;G0316;600.000
;G0184;100.000
;G0186;100.000
;G0129;100.000
;G0185;100.000
;G0351;100.000
;G0127;250.000
;G0562;100.000
;G0585;250.000
;G0246;250.000
;G0323;100.000
;G0030;600.000
;G0008;100.000
;G0007;100.000
;G0133;600.000
;G0352;250.000
;G0371;250.000
;G0443;250.000
;G0503;100.000
;G0494;900.000
;G0510;100.000
;G0509;250.000
;G0576;100.000
;G0581;250.000
;G0582;250.000
;G0589;95.833
;G0590;95.833
;G0591;239.583
;G0597;187.500
;G0600;166.667
;G0601;166.667
;G0604;145.833
;G0605;145.833
;G0606;145.833
;G0607;145.833
;G0113;100.000
;G0101;100.000
;G0103;100.000
;G0104;100.000
;G0107;100.000
;G0109;100.000
;G0111;100.000
;G0112;100.000
;G0114;100.000
;G0116;250.000
;G0117;250.000
;G0126;600.000
;G0135;100.000
;G0137;100.000
;G0132;600.000
;G0217;100.000
;G0218;100.000
;G0047;100.000
;G0057;100.000
;G0138;600.000
;G0136;250.000
;G0180;250.000
;G0408;100.000
;G0118;100.000
;G0118;100.000
;G0052;600.000
;G0118;100.000
;G0118;250.000
;G0182;250.000
;G0119;250.000
;G0258;250.000
;G0134;100.000
;G0277;600.000
;G0200;100.000
;G0183;250.000
;G0139;250.000
;G0150;600.000
;G0099;250.000
;G0393;250.000
;G0177;250.000
;G0173;250.000
;G0176;100.000
;G0171;600.000
;G0257;250.000
;G0307;900.000
;G0286;100.000
;G0331;250.000
;G0410;100.000
;G0423;100.000
;G0437;600.000
;G0445;250.000
;G0472;100.000
;G0496;100.000
;G0504;100.000
;G0502;100.000
;G0012;100.000
;G0511;100.000
;G0528;250.000
;G0531;250.000
;G0547;600.000
;G0530;900.000
;G0551;100.000
;G0559;100.000
;G0577;100.000
;G0587;95.833
;G0470;100.000
;G0595;83.333
;G0602;66.667
;G0608;145.833
;L0057;900.000
;L0021;600.000
;L0028;900.000
;L0055;900.000
;L0001;600.000
;L0002;250.000
;L0003;250.000
;L0004;250.000
;L0006;250.000
;L0007;250.000
;L0008;250.000
;L0011;900.000
;L0013;900.000
;L0014;250.000
;L0016;250.000
;L0017;900.000
;L0019;900.000
;L0015;900.000
;L0069;100.000
;L0093;900.000
;L0032;250.000
;L0098;250.000
;L0099;250.000
;L0023;600.000
;L0018;600.000
;L0046;600.000
;L0048;600.000
;L0059;600.000
;L0072;600.000
;L0073;600.000
;L0095;900.000
;L0097;600.000
;L0101;208.333
;L0102;83.333
;L0103;83.333
; A0231 ;900.000
; A0240 ;900.000
; A0241 ;600.000
; A0242 ;250.000
; A0243 ;600.000
; A0245 ;250.000
; A0246 ;250.000
;A0253;600.000
; A0254 ;250.000
; A0380 ;100.000
; A0738 ;100.000
; A0740 ;600.000
; A0778 ;900.000
; A0855 ;250.000
; A0867 ;600.000
; A0879 ;250.000
; A0895 ;600.000
; A0931 ;100.000
; A0934 ;600.000
; A0023 ;600.000
; A0961 ;900.000
; A0966 ;100.000
; A0257 ;900.000
; A0678 ;900.000
; A0679 ;600.000
; A0258 ;600.000
; A0749 ;600.000
;B0496;600.000
;B0497;600.000
;B0498;600.000
;B0499;600.000
;B0502;600.000
;B0503;100.000
;B0504;100.000
;B0505;600.000
;B0506;600.000
;B0507;600.000
;B0508;600.000
;B0065;250.000
;B0079;600.000
;B0638;100.000
;B0668;600.000
;B0745;600.000
;B0754;100.000
;B0755;250.000
;B0675;100.000
;B0378;100.000
;J0191;900.000
;J0192;600.000
;J0194;100.000
;J0393;250.000
;J0197;600.000
;J0198;100.000
;J0199;250.000
;J0201;600.000
;J0202;600.000
;J0203;250.000
;J0204;100.000
;J0206;600.000
;J0208;250.000
;J0209;900.000
;J0210;250.000
;J0005;600.000
;J0007;600.000
;J0015;600.000
;J0017;600.000
;J0019;100.000
;J0032;900.000
;J0066;250.000
;J0216;250.000
;J0046;250.000
;J0018;100.000
;J0253;100.000
;J0219;600.000
;J0660;100.000
;J0219;600.000
;J0100;100.000
;J0298;250.000
;J0112;600.000
;J0106;250.000
;J0353;250.000
;J0101;100.000
;J0231;100.000
;J0825;33.333
;J0827;33.333
;J0828;33.333
;J0826;33.333
;J0822;33.333
;J0821;33.333
;J0743;900.000
;J0207;600.000
;J089;600.000
;J0233;600.000
;J0220;600.000
;J0239;900.000
;J0249;250.000
;J0225;250.000
;J0069;250.000
;J0229;250.000
;J0048;250.000
;J0070;250.000
;J0063;250.000
;J0406;600.000
;J0407;600.000
;J0509;600.000
;J0539;600.000
;J0548;600.000
;J0587;600.000
;J0623;600.000
;J0637;600.000
;J0685;600.000
;J0709;600.000
;J0727;600.000
;J0750;900.000
;J0762;900.000
;J0768;600.000
;J0798;500.000
;J0800;166.667
;J0806;166.667
;J0812;50.000
;J0818;50.000
;J0820;50.000
;J0816;50.000
;J0833;33.333
;J0843;8.333
;J0844;8.333
;J0864;600.000
;J0498;600.000
;J0865;600.000
;J0259;900.000
;J0187;900.000
;J0258;900.000
;J0035;600.000
;J0255;250.000
;J0744;250.000
;J0078;600.000
;J0186;600.000
;J0078;600.000
;J0026;250.000
;J0024;250.000
;J0079;250.000
;J0081;100.000
;J0010;250.000
;J0057;250.000
;J0097;250.000
;J0099;250.000
;J0104;250.000
;J0105;250.000
;J0004;600.000
;J0020;250.000
;J0110;100.000
;J0111;100.000
;J0073;600.000
;J0122;250.000
;J0121;250.000
;J0006;250.000
;J0119;100.000
;J0012;900.000
;J0014;600.000
;J0014;250.000
;J0123;100.000
;J0016;100.000
;J0008;600.000
;J0211;900.000
;J0145;600.000
;J0052;600.000
;J0794;250.000
;J0795;900.000
;J0779;250.000
;J0184;250.000
;J0195;600.000
;J0076;250.000
;J0304;250.000
;J0472;250.000
;J0133;900.000
;J0049;600.000
;J0766;250.000
;J0496;600.000
;J0051;100.000
;J0058;100.000
;J0144;900.000
;J0146;600.000
;J0060;600.000
;J0341;600.000
;J0053;600.000
;J0150;600.000
;J0056;100.000
;J0151;600.000
;J0152;250.000
;J0471;600.000
;J0571;600.000
;J0656;600.000
;J0669;600.000
;J0677;600.000
;J0705;100.000
;J0700;250.000
;J0715;600.000
;J0718;600.000
;J0732;250.000
;J0728;250.000
;J0733;600.000
;J0737;250.000
;J0748;250.000
;J0764;600.000
;J0772;250.000
;J0778;600.000
;J0790;550.000
;J0797;50.000
;J0830;33.333
;J0839;16.667
;J0840;16.667
;J0175;600.000
;J0093;250.000
;J0336;600.000
;J0022;600.000
;J0180;600.000
;J0371;250.000
;J0154;900.000
;J0554;250.000
;J0157;600.000
;J0553;600.000
;J0557;600.000
;J0176;600.000
;J0372;600.000
;J0849;600.000
;J0107;600.000
;J0266;600.000
;J0108;900.000
;J0074;250.000
;J0077;250.000
;J0080;250.000
;J0085;250.000
;J0086;600.000
;J0091;250.000
;J0094;250.000
;J0095;600.000
;J0113;100.000
;J0118;250.000
;J0124;600.000
;J0126;250.000
;J0127;250.000
;J0300;250.000
;J0330;250.000
;J0328;250.000
;J0327;250.000
;J0164;600.000
;J0424;250.000
;J0009;600.000
;J0296;250.000
;J0613;600.000
;J0169;100.000
;J0288;250.000
;J0183;250.000
;J0013;250.000
;J0011;250.000
;J0128;100.000
;J0084;250.000
;J0125;250.000
;J0264;100.000
;J0659;100.000
;J0807;166.667
;J0658;250.000
;J0823;33.333
;J0846;8.333
;J0847;8.333
;J0848;8.333
;J0131;600.000
;J0134;900.000
;J0159;250.000
;J0171;600.000
;J0130;250.000
;J0363;250.000
;J0040;250.000
;J0302;900.000
;J0302;250.000
;J0429;600.000
;J0305;250.000
;J0434;250.000
;J0457;250.000
;J0486;250.000
;J0520;600.000
;J0522;600.000
;J0575;600.000
;J0577;900.000
;J0618;250.000
;J0227;600.000
;J0736;250.000
;J0741;250.000
;J0740;900.000
;J0761;600.000
;J0760;250.000
;J0781;250.000
;J0841;16.667
;J0845;8.333
;J0423;900.000
;J0166;600.000
;J0426;600.000
;J0428;250.000
;J0560;900.000
;J0784;900.000
;J0786;900.000
;J0306;250.000
;J0774;250.000
;J0178;600.000
;J0260;600.000
